Text,Type
AAAAAAAACCNIAAAA,customer information ID
AAAAAAAAPELFBAAA,customer information ID
AAAAAAAAGFNFBAAA,customer information ID
AAAAAAAAEBOOAAAA,customer information ID
AAAAAAAAPHCOAAAA,customer information ID
AAAAAAAAJIHFAAAA,customer information ID
AAAAAAAAKEPDBAAA,customer information ID
AAAAAAAAKFHABAAA,customer information ID
AAAAAAAAMBDAAAAA,customer information ID
AAAAAAAAGEPOAAAA,customer information ID
AAAAAAAADLLGAAAA,customer information ID
AAAAAAAACGJAAAAA,customer information ID
AAAAAAAAFFFJAAAA,customer information ID
AAAAAAAALPEHAAAA,customer information ID
AAAAAAAAOKIGBAAA,customer information ID
AAAAAAAAPIEOAAAA,customer information ID
AAAAAAAACONFAAAA,customer information ID
AAAAAAAADJCGAAAA,customer information ID
AAAAAAAAIMJCAAAA,customer information ID
AAAAAAAAEMPCBAAA,customer information ID
AAAAAAAAHENEBAAA,customer information ID
AAAAAAAADHBEAAAA,customer information ID
AAAAAAAAGJDFBAAA,customer information ID
AAAAAAAADHDJAAAA,customer information ID
AAAAAAAAPEBEBAAA,customer information ID
AAAAAAAAAKLCAAAA,customer information ID
AAAAAAAAPOELAAAA,customer information ID
AAAAAAAAJDEKAAAA,customer information ID
AAAAAAAAENABAAAA,customer information ID
AAAAAAAAFALKAAAA,customer information ID
AAAAAAAAJOPCBAAA,customer information ID
AAAAAAAAOJGFAAAA,customer information ID
AAAAAAAANNPFBAAA,customer information ID
AAAAAAAAIFCGAAAA,customer information ID
AAAAAAAADMMKAAAA,customer information ID
AAAAAAAADIEHAAAA,customer information ID
AAAAAAAAIOKFAAAA,customer information ID
AAAAAAAAINHJAAAA,customer information ID
AAAAAAAAIHLOAAAA,customer information ID
AAAAAAAAPBGJAAAA,customer information ID
AAAAAAAAHIHAAAAA,customer information ID
AAAAAAAABEJPAAAA,customer information ID
AAAAAAAAGEPEBAAA,customer information ID
AAAAAAAAACGDAAAA,customer information ID
AAAAAAAAKGGHBAAA,customer information ID
AAAAAAAAFLDEBAAA,customer information ID
AAAAAAAAKNKBBAAA,customer information ID
AAAAAAAAOEPAAAAA,customer information ID
AAAAAAAAHMEMAAAA,customer information ID
AAAAAAAAGMBDBAAA,customer information ID
AAAAAAAALNMDBAAA,customer information ID
AAAAAAAAPAEEBAAA,customer information ID
AAAAAAAAPLODBAAA,customer information ID
AAAAAAAAPKEDAAAA,customer information ID
AAAAAAAANBKEAAAA,customer information ID
AAAAAAAALHJBBAAA,customer information ID
AAAAAAAAABFKAAAA,customer information ID
AAAAAAAAFEMEAAAA,customer information ID
AAAAAAAANKOGAAAA,customer information ID
AAAAAAAAAGDFAAAA,customer information ID
AAAAAAAADEKCBAAA,customer information ID
AAAAAAAAKPBKAAAA,customer information ID
AAAAAAAAHLIFBAAA,customer information ID
AAAAAAAAINIKAAAA,customer information ID
AAAAAAAAPNAEBAAA,customer information ID
AAAAAAAAEKHDBAAA,customer information ID
AAAAAAAAGBMLAAAA,customer information ID
AAAAAAAAPIBBBAAA,customer information ID
AAAAAAAALBKGBAAA,customer information ID
AAAAAAAAMDLMAAAA,customer information ID
AAAAAAAANCOFBAAA,customer information ID
AAAAAAAABEDFAAAA,customer information ID
AAAAAAAACIFFAAAA,customer information ID
AAAAAAAAACFFAAAA,customer information ID
AAAAAAAAJJMFAAAA,customer information ID
AAAAAAAAACGGAAAA,customer information ID
AAAAAAAAJDGKAAAA,customer information ID
AAAAAAAAADGFBAAA,customer information ID
AAAAAAAALEKCAAAA,customer information ID
AAAAAAAAHHMIAAAA,customer information ID
AAAAAAAADIOGBAAA,customer information ID
AAAAAAAANLHBBAAA,customer information ID
AAAAAAAAHIEJAAAA,customer information ID
AAAAAAAAIDPDBAAA,customer information ID
AAAAAAAAIBLCBAAA,customer information ID
AAAAAAAAPHJMAAAA,customer information ID
AAAAAAAADHHKAAAA,customer information ID
AAAAAAAAFMDIBAAA,customer information ID
AAAAAAAAFCJGBAAA,customer information ID
AAAAAAAAKKMCBAAA,customer information ID
AAAAAAAAJLFEBAAA,customer information ID
AAAAAAAANJJHAAAA,customer information ID
AAAAAAAACBLBBAAA,customer information ID
AAAAAAAAKHECAAAA,customer information ID
AAAAAAAAMECDAAAA,customer information ID
AAAAAAAAFOHAAAAA,customer information ID
AAAAAAAANEDGAAAA,customer information ID
AAAAAAAAEKGKAAAA,customer information ID
AAAAAAAACLHPAAAA,customer information ID
AAAAAAAAABNBBAAA,customer information ID
AAAAAAAAMFAKAAAA,customer information ID
AAAAAAAALPNIAAAA,customer information ID
AAAAAAAACEDHAAAA,customer information ID
AAAAAAAAKHGMAAAA,customer information ID
AAAAAAAAKLGJAAAA,customer information ID
AAAAAAAAFCFHBAAA,customer information ID
AAAAAAAAGGJABAAA,customer information ID
AAAAAAAAJCNEBAAA,customer information ID
AAAAAAAANCLJAAAA,customer information ID
AAAAAAAAGBJCAAAA,customer information ID
AAAAAAAADMEDBAAA,customer information ID
AAAAAAAAIPOMAAAA,customer information ID
AAAAAAAAHMIOAAAA,customer information ID
AAAAAAAAADLBBAAA,customer information ID
AAAAAAAAHJFABAAA,customer information ID
AAAAAAAAJINJAAAA,customer information ID
AAAAAAAAMJODAAAA,customer information ID
AAAAAAAAIPMHBAAA,customer information ID
AAAAAAAAADIFAAAA,customer information ID
AAAAAAAAAJBEBAAA,customer information ID
AAAAAAAAPOALAAAA,customer information ID
AAAAAAAACNEHAAAA,customer information ID
AAAAAAAAJAEHAAAA,customer information ID
AAAAAAAADLHFBAAA,customer information ID
AAAAAAAABIFOAAAA,customer information ID
AAAAAAAAPDHBAAAA,customer information ID
AAAAAAAAPJKFAAAA,customer information ID
AAAAAAAACIGOAAAA,customer information ID
AAAAAAAAHHLFBAAA,customer information ID
AAAAAAAAJOIMAAAA,customer information ID
AAAAAAAADGCBBAAA,customer information ID
AAAAAAAANGEMAAAA,customer information ID
AAAAAAAAHNKKAAAA,customer information ID
AAAAAAAAGNMOAAAA,customer information ID
AAAAAAAAJCLLAAAA,customer information ID
AAAAAAAAMAIDBAAA,customer information ID
AAAAAAAAJPGEAAAA,customer information ID
AAAAAAAAHBFHBAAA,customer information ID
AAAAAAAAABEIAAAA,customer information ID
AAAAAAAAGPJCBAAA,customer information ID
AAAAAAAADGEHAAAA,customer information ID
AAAAAAAAPABABAAA,customer information ID
AAAAAAAALFCGBAAA,customer information ID
AAAAAAAALAANAAAA,customer information ID
AAAAAAAAGGHABAAA,customer information ID
AAAAAAAACOBHAAAA,customer information ID
AAAAAAAADMHABAAA,customer information ID
AAAAAAAAEOHNAAAA,customer information ID
AAAAAAAAFDELAAAA,customer information ID
AAAAAAAAOIOOAAAA,customer information ID
AAAAAAAANOEFAAAA,customer information ID
AAAAAAAAHBMDAAAA,customer information ID
AAAAAAAAKLBDBAAA,customer information ID
AAAAAAAABIODBAAA,customer information ID
AAAAAAAAOPIDBAAA,customer information ID
AAAAAAAAJFMGBAAA,customer information ID
AAAAAAAALAPCAAAA,customer information ID
AAAAAAAAKCGMAAAA,customer information ID
AAAAAAAADOGBAAAA,customer information ID
AAAAAAAAFPOBAAAA,customer information ID
AAAAAAAAMPLHAAAA,customer information ID
AAAAAAAAJAGOAAAA,customer information ID
AAAAAAAAEGBJAAAA,customer information ID
AAAAAAAAKONDAAAA,customer information ID
AAAAAAAAJODIAAAA,customer information ID
AAAAAAAAMBKDAAAA,customer information ID
AAAAAAAAMIGFAAAA,customer information ID
AAAAAAAAGBELAAAA,customer information ID
AAAAAAAACJANAAAA,customer information ID
AAAAAAAAMFOFBAAA,customer information ID
AAAAAAAAMHLMAAAA,customer information ID
AAAAAAAAOCGGAAAA,customer information ID
AAAAAAAALNMFBAAA,customer information ID
AAAAAAAACJBHBAAA,customer information ID
AAAAAAAAPBJNAAAA,customer information ID
AAAAAAAAAGBGAAAA,customer information ID
AAAAAAAAINDDAAAA,customer information ID
AAAAAAAALHNGAAAA,customer information ID
AAAAAAAAEGJDBAAA,customer information ID
AAAAAAAAKJKDAAAA,customer information ID
AAAAAAAAKOCCBAAA,customer information ID
AAAAAAAALMHFBAAA,customer information ID
AAAAAAAAOFKCBAAA,customer information ID
AAAAAAAAEMIBAAAA,customer information ID
AAAAAAAAIFKEAAAA,customer information ID
AAAAAAAAEFOFAAAA,customer information ID
AAAAAAAALMJAAAAA,customer information ID
AAAAAAAAKEMCBAAA,customer information ID
AAAAAAAAFDBAAAAA,customer information ID
AAAAAAAAOBMBBAAA,customer information ID
AAAAAAAAKJJGAAAA,customer information ID
AAAAAAAADJAOAAAA,customer information ID
AAAAAAAAFIOPAAAA,customer information ID
AAAAAAAAKGKJAAAA,customer information ID
AAAAAAAAFKEDAAAA,customer information ID
AAAAAAAAFPNLAAAA,customer information ID
AAAAAAAAODIBBAAA,customer information ID
AAAAAAAADEFDAAAA,customer information ID
AAAAAAAAOPFHBAAA,customer information ID
AAAAAAAAHKIDBAAA,customer information ID
AAAAAAAAJPIHAAAA,customer information ID
AAAAAAAAKGMGBAAA,customer information ID
AAAAAAAABDCPAAAA,customer information ID
AAAAAAAAONKFAAAA,customer information ID
AAAAAAAAGBDIAAAA,customer information ID
AAAAAAAAOENCBAAA,customer information ID
AAAAAAAAFFGBAAAA,customer information ID
AAAAAAAAACKNAAAA,customer information ID
AAAAAAAAKHNHBAAA,customer information ID
AAAAAAAANMHGAAAA,customer information ID
AAAAAAAAEHKBBAAA,customer information ID
AAAAAAAACOCOAAAA,customer information ID
AAAAAAAANPCGBAAA,customer information ID
AAAAAAAALIEHBAAA,customer information ID
AAAAAAAAIANFBAAA,customer information ID
AAAAAAAAKCEDAAAA,customer information ID
AAAAAAAAPFJFBAAA,customer information ID
AAAAAAAANALDBAAA,customer information ID
AAAAAAAAMKGMAAAA,customer information ID
AAAAAAAAELJAAAAA,customer information ID
AAAAAAAAHNPGAAAA,customer information ID
AAAAAAAADBMCBAAA,customer information ID
AAAAAAAAGHOBAAAA,customer information ID
AAAAAAAAFLOAAAAA,customer information ID
AAAAAAAANECGAAAA,customer information ID
AAAAAAAADJIJAAAA,customer information ID
AAAAAAAACAJGBAAA,customer information ID
AAAAAAAABFLDAAAA,customer information ID
AAAAAAAAAGJGAAAA,customer information ID
AAAAAAAAELLMAAAA,customer information ID
AAAAAAAADBGMAAAA,customer information ID
AAAAAAAAFHHMAAAA,customer information ID
AAAAAAAAGHPMAAAA,customer information ID
AAAAAAAADIIDAAAA,customer information ID
AAAAAAAAHDKKAAAA,customer information ID
AAAAAAAAGIEHAAAA,customer information ID
AAAAAAAAGKGEBAAA,customer information ID
AAAAAAAAMPEFAAAA,customer information ID
AAAAAAAAGHACBAAA,customer information ID
AAAAAAAAHDLLAAAA,customer information ID
AAAAAAAABLOGBAAA,customer information ID
AAAAAAAADPEJAAAA,customer information ID
AAAAAAAABHGPAAAA,customer information ID
AAAAAAAAFAOFAAAA,customer information ID
AAAAAAAAJHCMAAAA,customer information ID
AAAAAAAAJEPGBAAA,customer information ID
AAAAAAAADOGMAAAA,customer information ID
AAAAAAAAILLOAAAA,customer information ID
AAAAAAAAIPCHAAAA,customer information ID
AAAAAAAABDEPAAAA,customer information ID
AAAAAAAABBEKAAAA,customer information ID
AAAAAAAANLMFAAAA,customer information ID
AAAAAAAADJLGBAAA,customer information ID
AAAAAAAAAFCHAAAA,customer information ID
AAAAAAAAMEAGAAAA,customer information ID
AAAAAAAAGOJDAAAA,customer information ID
AAAAAAAAKOFHBAAA,customer information ID
AAAAAAAANLKHBAAA,customer information ID
AAAAAAAADNBEAAAA,customer information ID
AAAAAAAABDOFBAAA,customer information ID
AAAAAAAAANAEAAAA,customer information ID
AAAAAAAAEOMCBAAA,customer information ID
AAAAAAAAKNEIAAAA,customer information ID
AAAAAAAALIDABAAA,customer information ID
AAAAAAAACCKLAAAA,customer information ID
AAAAAAAAGAMKAAAA,customer information ID
AAAAAAAABOBCBAAA,customer information ID
AAAAAAAANIJBBAAA,customer information ID
AAAAAAAAGJDGAAAA,customer information ID
AAAAAAAAIDNNAAAA,customer information ID
AAAAAAAAKCHFBAAA,customer information ID
AAAAAAAAMAEDAAAA,customer information ID
AAAAAAAALMIGBAAA,customer information ID
AAAAAAAAMAJCAAAA,customer information ID
AAAAAAAABKDPAAAA,customer information ID
AAAAAAAAKCFBBAAA,customer information ID
AAAAAAAABDBAAAAA,customer information ID
AAAAAAAALBAKAAAA,customer information ID
Primary,current level of education
2 yr Degree,current level of education
Advanced Degree,current level of education
Primary,current level of education
Primary,current level of education
Primary,current level of education
4 yr Degree,current level of education
Secondary,current level of education
Primary,current level of education
Primary,current level of education
Primary,current level of education
Primary,current level of education
2 yr Degree,current level of education
4 yr Degree,current level of education
College,current level of education
4 yr Degree,current level of education
4 yr Degree,current level of education
Primary,current level of education
Primary,current level of education
Primary,current level of education
Advanced Degree,current level of education
4 yr Degree,current level of education
College,current level of education
Primary,current level of education
College,current level of education
Primary,current level of education
2 yr Degree,current level of education
Secondary,current level of education
Advanced Degree,current level of education
Advanced Degree,current level of education
4 yr Degree,current level of education
Primary,current level of education
Secondary,current level of education
College,current level of education
Primary,current level of education
2 yr Degree,current level of education
Primary,current level of education
Secondary,current level of education
Primary,current level of education
Primary,current level of education
4 yr Degree,current level of education
2 yr Degree,current level of education
2 yr Degree,current level of education
Secondary,current level of education
Secondary,current level of education
4 yr Degree,current level of education
2 yr Degree,current level of education
2 yr Degree,current level of education
Primary,current level of education
Primary,current level of education
Advanced Degree,current level of education
Secondary,current level of education
4 yr Degree,current level of education
4 yr Degree,current level of education
4 yr Degree,current level of education
Advanced Degree,current level of education
Advanced Degree,current level of education
Advanced Degree,current level of education
Primary,current level of education
Advanced Degree,current level of education
2 yr Degree,current level of education
Advanced Degree,current level of education
Secondary,current level of education
Advanced Degree,current level of education
Secondary,current level of education
4 yr Degree,current level of education
Advanced Degree,current level of education
Advanced Degree,current level of education
Secondary,current level of education
Advanced Degree,current level of education
Secondary,current level of education
4 yr Degree,current level of education
Secondary,current level of education
Secondary,current level of education
Primary,current level of education
2 yr Degree,current level of education
2 yr Degree,current level of education
2 yr Degree,current level of education
4 yr Degree,current level of education
College,current level of education
Primary,current level of education
4 yr Degree,current level of education
Primary,current level of education
4 yr Degree,current level of education
Primary,current level of education
4 yr Degree,current level of education
College,current level of education
Primary,current level of education
College,current level of education
College,current level of education
4 yr Degree,current level of education
Primary,current level of education
College,current level of education
4 yr Degree,current level of education
Primary,current level of education
College,current level of education
Secondary,current level of education
Primary,current level of education
Advanced Degree,current level of education
College,current level of education
4 yr Degree,current level of education
Secondary,current level of education
2 yr Degree,current level of education
Advanced Degree,current level of education
College,current level of education
Primary,current level of education
College,current level of education
Advanced Degree,current level of education
Advanced Degree,current level of education
College,current level of education
Secondary,current level of education
Primary,current level of education
College,current level of education
Primary,current level of education
2 yr Degree,current level of education
4 yr Degree,current level of education
Primary,current level of education
4 yr Degree,current level of education
Primary,current level of education
Primary,current level of education
2 yr Degree,current level of education
Primary,current level of education
College,current level of education
Advanced Degree,current level of education
2 yr Degree,current level of education
4 yr Degree,current level of education
Primary,current level of education
Advanced Degree,current level of education
2 yr Degree,current level of education
Advanced Degree,current level of education
Advanced Degree,current level of education
Secondary,current level of education
Primary,current level of education
2 yr Degree,current level of education
Primary,current level of education
Primary,current level of education
2 yr Degree,current level of education
Secondary,current level of education
Primary,current level of education
College,current level of education
4 yr Degree,current level of education
Primary,current level of education
4 yr Degree,current level of education
Primary,current level of education
Secondary,current level of education
Primary,current level of education
2 yr Degree,current level of education
4 yr Degree,current level of education
2 yr Degree,current level of education
Secondary,current level of education
Primary,current level of education
College,current level of education
College,current level of education
4 yr Degree,current level of education
2 yr Degree,current level of education
4 yr Degree,current level of education
4 yr Degree,current level of education
Secondary,current level of education
Secondary,current level of education
2 yr Degree,current level of education
Advanced Degree,current level of education
Secondary,current level of education
2 yr Degree,current level of education
Primary,current level of education
Advanced Degree,current level of education
Advanced Degree,current level of education
Advanced Degree,current level of education
Primary,current level of education
Primary,current level of education
2 yr Degree,current level of education
Primary,current level of education
Advanced Degree,current level of education
College,current level of education
Advanced Degree,current level of education
4 yr Degree,current level of education
College,current level of education
2 yr Degree,current level of education
Secondary,current level of education
2 yr Degree,current level of education
Primary,current level of education
College,current level of education
Primary,current level of education
Primary,current level of education
College,current level of education
Primary,current level of education
2 yr Degree,current level of education
2 yr Degree,current level of education
Primary,current level of education
4 yr Degree,current level of education
Advanced Degree,current level of education
Primary,current level of education
4 yr Degree,current level of education
Secondary,current level of education
College,current level of education
2 yr Degree,current level of education
4 yr Degree,current level of education
Advanced Degree,current level of education
Primary,current level of education
2 yr Degree,current level of education
Advanced Degree,current level of education
Primary,current level of education
4 yr Degree,current level of education
College,current level of education
Advanced Degree,current level of education
2 yr Degree,current level of education
Primary,current level of education
4 yr Degree,current level of education
College,current level of education
Primary,current level of education
Secondary,current level of education
Primary,current level of education
Primary,current level of education
Advanced Degree,current level of education
Primary,current level of education
Primary,current level of education
Primary,current level of education
Primary,current level of education
2 yr Degree,current level of education
Secondary,current level of education
2 yr Degree,current level of education
Advanced Degree,current level of education
Primary,current level of education
Primary,current level of education
2 yr Degree,current level of education
2 yr Degree,current level of education
College,current level of education
2 yr Degree,current level of education
2 yr Degree,current level of education
2 yr Degree,current level of education
Advanced Degree,current level of education
Secondary,current level of education
Secondary,current level of education
Primary,current level of education
4 yr Degree,current level of education
4 yr Degree,current level of education
Low Risk,customer credit rating
Low Risk,customer credit rating
Low Risk,customer credit rating
Low Risk,customer credit rating
Low Risk,customer credit rating
Good,customer credit rating
Low Risk,customer credit rating
Low Risk,customer credit rating
High Risk,customer credit rating
Low Risk,customer credit rating
Low Risk,customer credit rating
High Risk,customer credit rating
Good,customer credit rating
Good,customer credit rating
High Risk,customer credit rating
Low Risk,customer credit rating
Low Risk,customer credit rating
Low Risk,customer credit rating
Low Risk,customer credit rating
Low Risk,customer credit rating
Low Risk,customer credit rating
Low Risk,customer credit rating
High Risk,customer credit rating
High Risk,customer credit rating
Low Risk,customer credit rating
Low Risk,customer credit rating
Low Risk,customer credit rating
Good,customer credit rating
Good,customer credit rating
Good,customer credit rating
Low Risk,customer credit rating
Good,customer credit rating
Low Risk,customer credit rating
Good,customer credit rating
Good,customer credit rating
Low Risk,customer credit rating
Low Risk,customer credit rating
Low Risk,customer credit rating
High Risk,customer credit rating
High Risk,customer credit rating
High Risk,customer credit rating
Low Risk,customer credit rating
Good,customer credit rating
Low Risk,customer credit rating
Low Risk,customer credit rating
Low Risk,customer credit rating
Low Risk,customer credit rating
Good,customer credit rating
Low Risk,customer credit rating
Low Risk,customer credit rating
Good,customer credit rating
Low Risk,customer credit rating
Good,customer credit rating
Low Risk,customer credit rating
Low Risk,customer credit rating
Good,customer credit rating
High Risk,customer credit rating
High Risk,customer credit rating
Low Risk,customer credit rating
High Risk,customer credit rating
Good,customer credit rating
High Risk,customer credit rating
Low Risk,customer credit rating
Low Risk,customer credit rating
High Risk,customer credit rating
High Risk,customer credit rating
Low Risk,customer credit rating
High Risk,customer credit rating
Low Risk,customer credit rating
Low Risk,customer credit rating
High Risk,customer credit rating
Low Risk,customer credit rating
Low Risk,customer credit rating
Good,customer credit rating
Low Risk,customer credit rating
High Risk,customer credit rating
Low Risk,customer credit rating
High Risk,customer credit rating
High Risk,customer credit rating
High Risk,customer credit rating
High Risk,customer credit rating
Low Risk,customer credit rating
Low Risk,customer credit rating
Low Risk,customer credit rating
Low Risk,customer credit rating
Good,customer credit rating
Good,customer credit rating
Low Risk,customer credit rating
Good,customer credit rating
Low Risk,customer credit rating
High Risk,customer credit rating
High Risk,customer credit rating
Low Risk,customer credit rating
Low Risk,customer credit rating
Good,customer credit rating
Low Risk,customer credit rating
High Risk,customer credit rating
Good,customer credit rating
Low Risk,customer credit rating
Low Risk,customer credit rating
Low Risk,customer credit rating
High Risk,customer credit rating
Good,customer credit rating
Good,customer credit rating
High Risk,customer credit rating
Low Risk,customer credit rating
Low Risk,customer credit rating
Low Risk,customer credit rating
Low Risk,customer credit rating
Good,customer credit rating
High Risk,customer credit rating
Low Risk,customer credit rating
High Risk,customer credit rating
Good,customer credit rating
Low Risk,customer credit rating
Low Risk,customer credit rating
Good,customer credit rating
High Risk,customer credit rating
Low Risk,customer credit rating
Low Risk,customer credit rating
High Risk,customer credit rating
Low Risk,customer credit rating
Low Risk,customer credit rating
Good,customer credit rating
Low Risk,customer credit rating
Good,customer credit rating
High Risk,customer credit rating
High Risk,customer credit rating
Good,customer credit rating
Low Risk,customer credit rating
Good,customer credit rating
High Risk,customer credit rating
Low Risk,customer credit rating
Low Risk,customer credit rating
Low Risk,customer credit rating
High Risk,customer credit rating
Good,customer credit rating
Low Risk,customer credit rating
Low Risk,customer credit rating
Low Risk,customer credit rating
High Risk,customer credit rating
Good,customer credit rating
Good,customer credit rating
Good,customer credit rating
Good,customer credit rating
Low Risk,customer credit rating
Good,customer credit rating
Good,customer credit rating
Good,customer credit rating
Low Risk,customer credit rating
Good,customer credit rating
Low Risk,customer credit rating
Low Risk,customer credit rating
High Risk,customer credit rating
Good,customer credit rating
Low Risk,customer credit rating
Low Risk,customer credit rating
Low Risk,customer credit rating
Low Risk,customer credit rating
Good,customer credit rating
High Risk,customer credit rating
Good,customer credit rating
High Risk,customer credit rating
High Risk,customer credit rating
High Risk,customer credit rating
Low Risk,customer credit rating
Low Risk,customer credit rating
Low Risk,customer credit rating
Low Risk,customer credit rating
Good,customer credit rating
Low Risk,customer credit rating
Good,customer credit rating
Good,customer credit rating
Low Risk,customer credit rating
Low Risk,customer credit rating
High Risk,customer credit rating
High Risk,customer credit rating
Good,customer credit rating
Low Risk,customer credit rating
High Risk,customer credit rating
Low Risk,customer credit rating
Low Risk,customer credit rating
Low Risk,customer credit rating
Low Risk,customer credit rating
High Risk,customer credit rating
High Risk,customer credit rating
High Risk,customer credit rating
Good,customer credit rating
High Risk,customer credit rating
Low Risk,customer credit rating
High Risk,customer credit rating
High Risk,customer credit rating
Low Risk,customer credit rating
High Risk,customer credit rating
Low Risk,customer credit rating
Low Risk,customer credit rating
Low Risk,customer credit rating
High Risk,customer credit rating
Low Risk,customer credit rating
High Risk,customer credit rating
High Risk,customer credit rating
Good,customer credit rating
Low Risk,customer credit rating
Good,customer credit rating
High Risk,customer credit rating
High Risk,customer credit rating
High Risk,customer credit rating
Low Risk,customer credit rating
Good,customer credit rating
Low Risk,customer credit rating
High Risk,customer credit rating
Good,customer credit rating
Good,customer credit rating
High Risk,customer credit rating
High Risk,customer credit rating
Low Risk,customer credit rating
High Risk,customer credit rating
Good,customer credit rating
Good,customer credit rating
Low Risk,customer credit rating
Good,customer credit rating
Low Risk,customer credit rating
Low Risk,customer credit rating
Low Risk,customer credit rating
High Risk,customer credit rating
Low Risk,customer credit rating
Low Risk,customer credit rating
Good,customer credit rating
Good,customer credit rating
Good,customer credit rating
Low Risk,customer credit rating
Low Risk,customer credit rating
Good,customer credit rating
Low Risk,customer credit rating
Low Risk,customer credit rating
High Risk,customer credit rating
Low Risk,customer credit rating
Good,customer credit rating
Good,customer credit rating
High Risk,customer credit rating
Low Risk,customer credit rating
Low Risk,customer credit rating
High Risk,customer credit rating
Low Risk,customer credit rating